"","GDP..PPP..constant.2011.international...","Employment.in.industry....of.total.employment.","Employment.in.agriculture....of.total.employment.","Total.greenhouse.gas.emissions..kt.of.CO2.equivalent.","Renewable.energy.consumption....of.total.final.energy.consumption.","Fossil.fuel.energy.consumption....of.total.","Energy.use..kg.of.oil.equivalent.per.capita.","CO2.emissions..metric.tons.per.capita.","Population..total","ProtectedAreas","CountryNames","Paris_Agreement_Code","Polityxconst","UNmentions"
"1",50764671542.0223,20.300236968148,22.7720953170873,17980.5001304703,20.1219635438391,79.5835537328375,-177.775109124413,0.472094035318194,28832725.6666667,0.46,"Afghanistan",1,4,0
"2",27902941745.8705,16.2244849109548,26.6230019529516,8705.97777009056,37.186789847798,60.8013725756245,726.953196381622,1.66908932171051,2906016,1.91,"Albania",2,7,5
"3",479211839699.17,25.2819410410717,12.3889605403769,172149.789655299,0.209164990919479,99.8647425983857,1159.67936695821,3.35989068669246,36730906,7.46,"Algeria",2,5,7
"5",446468139174.591,19.703757375718,24.8060579923932,145836.566630707,33.8993928560156,62.8117376911107,2307.13227590491,6.09621662264303,82020.3333333333,19.5,"Andorra",1,5.49058719276696,17
"6",143822841607.609,15.5136343532119,34.8860351133133,40855.0696349524,57.3844651322777,40.8976047847677,653.313734092233,1.40811537092418,21949294,4.98,"Angola",1,3,4
"7",1796308925.66701,22.5744079297299,15.904470955011,537.201688696977,33.2786899101852,63.158115099038,2929.65439020658,5.90747666737153,88151.3333333333,0.15,"Antigua and Barbuda",2,6.15952705919686,18
"8",803619494167.907,24.2999998728434,2.23333330949148,372617.572657611,8.89477491513765,89.6398263420939,1911.62063152069,4.57622572024369,41657905,5.37,"Argentina",2,7,2
"9",20375101641.5436,17.2666670481364,38.2666664123535,12043.3883594256,7.98343117211633,72.0946605540364,916.760844968499,1.66397288855613,2969939.66666667,24.75,"Armenia",1,5,1
"11",937058351528.103,20.0999997456868,3.00000007947286,776528.038668219,7.69331770722747,94.8326152773214,5615.2684132065,16.7676468018248,22366676,29.03,"Australia",2,7,18
"12",366989451708.583,25.9666665395101,4.4333332379659,92315.8712764308,32.4359762055299,68.5988430551157,3984.62697903372,7.75705445560868,8395012.66666667,28.35,"Austria",2,7,3
"13",145542166866.375,14.0333334604899,37.933334350586,53748.1613089238,3.61719540063048,97.7572549098357,1373.93366136962,3.61976097545005,9174399.33333333,13.97,"Azerbaijan",1,2,2
"15",52082918727.8755,30.5594943434617,-2.82533940333042,31904.0396700829,-8.15527004890551,99.6051252431051,9666.04511057691,22.4656329884852,1300303.33333333,4.41,"Bahrain",1,1,6
"16",396277418609.157,16.1795884931528,39.9842396869641,180434.489669856,39.62678933446,72.0580755658724,206.678354465858,0.414905143895095,153426592,3.41,"Bangladesh",2,3,44
"17",4315193118.83138,19.7999998728434,2.96666661898295,1495.89598547359,6.41436392772069,86.5534680858665,2534.73576999805,5.3192493765899,280582.666666667,0,"Barbados",2,6.42626310234979,25
"18",155437849258.126,33.8333320617676,10.3333333333333,108924.406874129,7.21474989315947,91.478425675311,3073.51704186672,6.66751500841739,9475666.66666667,8.57,"Belarus",2,2,9
"19",448979559506.573,22.8666661580403,1.20000000794729,136306.987597921,6.01126988479405,71.9171919251067,5234.38312089059,9.04262978252627,11023858.6666667,24.25,"Belgium",1,7,2
"20",2600531091.25724,21.9504808263432,15.6930314023031,1534.99146329722,29.6913088585794,66.2762942693806,1467.51604856436,1.63950264886027,329169.666666667,18.55,"Belize",2,6.35670001596201,23
"21",17328507261.1804,13.3149761306769,37.5476180769268,33284.156999658,51.1029335171484,41.8103168978753,385.673080710125,0.542073404805073,9779660.33333333,22.25,"Benin",2,5,6
"23",5002155460.75264,8.16666666666667,60.5999997456869,3258.99049831736,86.1250721313529,16.404027838611,689.69954495335,0.926087452735499,732067.666666667,47.3,"Bhutan",1,5,16
"24",56456717109.9442,17.8556156032889,21.6079538811102,448536.399309454,31.4004101632981,83.8242572672232,690.857506001895,1.6568095434985,10078415,24.83,"Bolivia",2,6,8
"25",35888425078.5738,23.9854258977973,22.7023948316349,26377.8585457028,16.3331974426157,92.5323605338488,1766.79490664956,5.86484658365429,3831995.66666667,1.28,"Bosnia and Herzegovina",1,4.20978911065505,6
"26",28373191457.6568,22.4509344532899,16.8593172130905,81884.5228350122,24.1664545680244,65.1478953408291,1033.8494036481,2.17782898723758,2090119.66666667,29.15,"Botswana",2,7,25
"27",2954792791883.62,22.8333339691162,13.811923847819,2948233.69801352,45.368294204817,54.8662052574869,1359.04951717047,2.20902208288274,200511125.333333,20.37,"Brazil",2,6,11
"29",29034266201.8843,30.3800601343023,-0.878531912080704,14482.3522025002,-3.43583573675222,100.975694788145,9126.49026151389,22.9768335307764,399419,29.68,"Brunei Darussalam",2,7.56888362717839,4
"30",114151012109.458,32.1666673024495,6.53333330154419,69611.5440665323,14.4648031459362,73.4623235064042,2515.44522276932,6.27410689311447,7349938.33333333,31.46,"Bulgaria",1,7,9
"31",23710148612.2303,15.530724113945,34.1155723728086,43658.8205966425,72.6719444177483,25.9811855161753,291.121473005723,0.140420060583802,16109910,15.47,"Burkina Faso",2,6,12
"32",6977067194.45932,13.1443364832978,42.065889651887,6149.11631021609,82.6598948293014,21.1669018791693,977.84242723577,0.0250298213498819,9791946.66666667,6.89,"Burundi",1,4,7
"34",38736858393.4011,14.3585677327186,45.1410999147689,126836.848145464,72.7294705230698,29.1959228558838,379.513863064189,0.357898451234397,14596313.3333333,20.61,"Cambodia",1,5,41
"35",55328484427.0391,13.4004460559837,45.538998334706,100377.322090075,78.3851855613676,28.4150087248717,325.817684884802,0.295106802021506,21123073,10.65,"Cameroon",2,2,1
"36",1421280897798.55,19.8333333333333,2.16666666666667,941561.170727198,20.6486665457332,73.6116423440857,7378.37583650439,14.2751453016015,34366510,6.24,"Canada",2,7,2
"38",4076675250.09073,15.4864529431783,33.4854311529274,513288.761209527,67.8639323714611,33.6254929166282,77.0003475518401,0.0614707320207924,4531792,18.09,"Central African Republic",2,0,8
"39",23575985988.9095,15.6684068379807,40.6800490870977,109463.357939087,72.2445816002676,29.5219315695373,730.989233841461,0.0433248475765195,12303452.3333333,17.78,"Chad",1,2,6
"41",348532184798.273,23.5,10.6333332061768,117544.856534998,28.6540320978,74.7750771870818,1968.87419197542,4.50331972607728,17201596.6666667,6.85,"Chile",1,7,4
"42",13768246321359.2,44.9537540766868,4.94339512852751,11900927.0692167,18.4860520717385,87.8684007240765,1973.08552995016,7.06941042567247,1344176666.66667,15.61,"China",2,3,8
"43",529710455297.848,20.2666664123535,18.0666669209798,170102.404623829,26.8745706878012,76.0853512979597,675.597995830283,1.67052885249203,46401855,17.37,"Colombia",1,6,4
"44",966484033.000427,16.8964135538452,29.6184171547489,554.059502322431,50.7489457173995,48.5267899148146,171.279473693069,0.197870453556688,716109.333333333,2.38,"Comoros",1,7,11
"47",60307634176.8311,19.5999997456868,14.1666666666667,11984.4630376081,40.4796700419035,47.8700121858486,1016.5828320502,1.67220153171494,4599969.33333333,3.05,"Costa Rica",2,7,9
"49",87498576639.2165,28.3666667938232,11.9666668574015,30682.4019984446,18.8720567288257,80.9016756927049,1921.80154719419,4.52313980863565,4321987,23.69,"Croatia",1,7,8
"50",214501498581.645,17.7666670481364,19.1666666666667,51123.911633484,18.5679402631697,87.0729724611312,984.177684034939,3.25313599749079,11324778,5.03,"Cuba",1,3,8
"52",27798074221.803,20.7000001271566,2.66666666666666,7549.10872315368,7.37694370024555,94.8167578395339,2101.85956458245,6.58708188660234,1116544,2.03,"Cyprus",1,7,5
"53",297401152790.618,38.466667175293,3.03333330154419,143092.529704835,10.2184981591341,78.3124906258587,4123.11260595472,10.1502481682648,10493761,21.11,"Czech Republic",1,7,4
"54",240309007364.213,19.8333333333333,2.30000003178914,58599.4528147009,24.2667888682112,74.5947518077802,3279.63682434864,7.40482195822681,5569942.33333333,17.95,"Denmark",2,7,19
"55",2347130062.85456,21.4722909367723,25.3387746453438,2699.25296529119,37.801071508535,59.4678757236161,387.293089820649,0.596796658331367,841891,1.05,"Djibouti",2,4,6
"56",724496746.748542,18.4390441322359,11.2432484438503,217.177512274552,22.1922262723094,75.6965948887178,1055.0560340817,1.88274136153089,71418,0.55,"Dominica",2,6,42
"57",114021598330.206,16.9000002543132,13.6333332061767,32547.316909879,13.2341282915911,87.0908804703465,748.000037741037,2.20983828479973,10026719.6666667,11.2,"Dominican Republic",1,6,5
"58",149834350197.599,18,28.0999997456868,51553.6447033367,12.840910817568,88.8965164981258,932.518324475991,2.59532908951043,15177155,15.43,"Ecuador",1,4,14
"60",45954314661.6215,21.2333329518636,21.1333332061767,12283.4166658416,34.0526187252956,46.9102420284036,709.107389883594,1.11173894654266,6055249,2.05,"El Salvador",1,6,7
"61",27950354257.9081,21.5234752514247,12.981331870968,6238.79601095501,27.8941465120673,68.461164635846,2902.7317776606,7.65712006163106,751119,2.12,"Equatorial Guinea",1,1,3
"62",-104322255204.598,12.0504395349373,43.0828505945011,4911.85129957678,80.8162805937518,21.7962508504629,488.647605137082,0.14300054194013,9621291.5888934,3.06,"Eritrea",1,2,0
"63",31600831504.3697,31.8999996185303,4.19999996821086,23479.5837221177,25.0073254633978,19.6708617572704,4211.61804895832,13.6468074713052,1327203.33333333,19.85,"Estonia",2,7,7
"64",104213948025.284,17.8307976430671,26.7850839861192,184036.414013917,93.9733081967308,4.98495671415473,481.606067310247,0.084691740735017,89870573.6666667,18.4,"Ethiopia",1,3,10
"66",6596959710.12287,18.5807789789288,16.6595354501039,2211.77940608014,20.5644107378101,76.6952204970298,1053.38512044912,1.83962966818169,867145.666666667,0.97,"Fiji",2,4,12
"67",214042290939.745,23.0666662851969,3.96666661898295,76523.0343476055,35.920177302219,46.3407294414249,6539.77508276488,10.3576043679497,5388531.66666667,14.07,"Finland",2,7,15
"68",2423864855314.01,22.0666669209798,2.83333333333333,511312.109945186,12.0253841975248,48.9795840699427,3907.55213852807,5.18988865697207,65343359.3333333,25.73,"France",2,6,11
"70",26849629950.3948,15.091071832949,33.4151314555266,34316.3137705249,68.7224808436714,41.3641925545758,1383.942411451,2.87147824608062,1577574.33333333,12.28,"Gabon",2,4,19
"72",28309631900.3273,16.8409203373778,28.7549750492162,14134.0577876196,33.4508688890204,70.6437447578803,892.909223707104,1.70481334158881,3875333.33333333,6.45,"Georgia",1,6,1
"73",3411247561532.54,28.4333330790202,1.46666665871938,943087.909568532,11.5222510765969,80.185476320404,3890.59112558053,9.13946374299222,81333475.3333333,38.46,"Germany",2,7,18
"74",84664156920.5802,17.9360540860498,32.7840471684385,107114.400845265,53.2046739787244,50.7836722258702,319.423265945967,0.42291816413893,24930267.3333333,7.79,"Ghana",2,6,13
"76",298394436797.161,18.0999997456868,11.9666665395101,104363.694452544,12.0470064936807,90.438497708629,2432.17673661946,7.33897437360236,11090417,8.56,"Greece",2,7,7
"78",1171505099.17032,21.1060846950463,14.6419151268181,704.842599095272,14.9501529079479,78.8160272610727,1139.85457878884,2.4893593800805,105074.333333333,0.05,"Grenada",2,6.41468433628436,41
"80",101967800126.579,18.2759873239,33.6909305561563,30931.0836338369,66.4074680444903,31.4858619042834,712.235918484807,0.785789161006984,15050100,15.72,"Guatemala",1,7,17
"81",13405073058.7591,5.66666666666667,74.6333363850911,100812.473433687,81.3745466471836,24.4258626693003,-423.453515806353,0.234681871223844,11319174.6666667,20.34,"Guinea",2,4,7
"82",2288554990.87468,14.3791869618625,40.4303693341104,7570.75638522041,72.2053827555517,28.0837125647157,669.778041718573,0.146744418425945,1674108.33333333,10.38,"Guinea-Bissau",1,6,10
"83",4588431072.38016,17.6298336008424,30.472637296925,6040.18665224434,42.3403269093083,50.9937775107694,1118.51625186909,2.42362963793245,755885,5.28,"Guyana",2,6,47
"84",15725276475.9497,12.2575696510713,44.9658212106169,8692.02016542594,80.3736139496969,17.9352608739881,387.648737147994,0.218875903209989,10144445,0.06,"Haiti",1,0,5
"85",33840172480.3434,19.0999997456868,37.4333330790202,20071.6716081433,53.4778830155973,51.600017023045,644.864232738024,1.1330528873205,7620473.33333333,7.78,"Honduras",2,5,3
"87",222826460583.511,30.5666662851969,4.80000003178914,64541.3927161909,9.62712609885129,73.0685850370197,2481.86286405062,4.76641099314268,9964037.33333333,22.55,"Hungary",2,7,7
"88",12587295168.4195,18.3333333333333,5.40000009536743,5478.69872087623,77.1693331212724,10.7018194639358,17603.6121295476,5.96553047648609,319257,2.32,"Iceland",2,3.70572432339696,16
"89",5770154007268.51,24.7895182228151,56.901332907626,2867732.50421947,39.8234270193123,71.7765138577762,577.373636741402,1.49162547045144,1247340051.33333,3.13,"India",2,7,8
"90",2173102600827.85,20.5666662851969,36.5999997456868,762964.651013877,37.7846055724756,66.1469483193585,853.182083839983,2.17795382878242,244819744.333333,6.01,"Indonesia",2,7,15
"92",430456152624.619,23.6603803646935,10.5672685280121,151296.766091693,1.51979012957872,97.3784799310729,1277.51060105928,4.16002044504153,31897845.3333333,0.38,"Iraq",0,6,2
"93",207385788682.197,19.2666670481364,4.96666669845581,63097.4540783405,6.43387867907144,88.0188729665264,2970.53840776371,8.14665253257673,4574615.33333333,3.48,"Ireland",2,7,12
"95",235904825432.431,19.2333335876465,1.40000001589457,81606.9277296647,8.73453500571447,96.4980144226465,3030.11755727402,9.16169309928277,7766633.33333333,8.62,"Israel",2,7,0
"96",2105897809729.97,28.3666661580403,3.53333330154419,484904.390190559,11.0953045882561,84.5614337045391,2795.88633510933,6.58199216921268,59398861,13.32,"Italy",2,7,5
"97",22722627803.8451,15.8333333333333,18.6333338419596,15036.5013243729,14.078987148717,82.5340442010245,1034.09573242377,2.75437692279556,2699489,1.4,"Jamaica",1,7,23
"98",4420807335919.81,26.8201282777331,0.247403805603233,1408684.68518174,4.53502584225265,88.3719472562462,3684.44748987434,9.36916906848622,127816255.333333,2.09,"Japan",2,7,5
"99",69832996983.8974,18.1333338419597,1.90000001589457,26409.8058970884,3.01880831174482,96.8872027687475,1085.76588485356,3.33627899914423,6757578,2.13,"Jordan",2,3,0
"100",363879996960.927,19.0333334604899,26.7666664123535,354778.004595034,1.37417478873657,98.8651127998962,4435.01190337359,15.1116237661918,16556535.3333333,3.29,"Kazakhstan",1,2,4
"101",108197140013.266,16.3764319681609,39.2063643847683,53497.0634486658,77.3207966183223,18.4078254829522,483.575686043808,0.306993526047077,41430415,10.57,"Kenya",1,7,11
"102",173747850.275479,16.5556666253743,22.0809988000257,56.6516611296588,17.930658312458,85.084184020429,19.7408368250394,0.595871497895853,104643.333333333,11.81,"Kiribati",2,6.14046328703298,72
"106",245400624317.331,35.7593360924197,-24.8608315769899,96680.2930554504,-51.7801019034171,145.040794609177,10229.2556912542,28.9918999972938,3239411.66666667,10.97,"Kuwait",1,3,8
"109",39817342623.89,23.3333333333333,8.36666679382324,14254.6736454528,37.0564358073343,62.2619297580902,2128.62565083687,3.6220050107945,2063861,17.78,"Latvia",1,7,10
"110",72070643188.4553,22.248438432183,14.0844684664624,19767.5797702524,5.15926011878309,95.6210787723871,1436.68625505183,4.55849797881103,4617703.66666667,0.93,"Lebanon",1,6,0
"111",4687643741.68398,19.5663298574644,25.8806878774684,3449.13069513011,21.6478007266695,75.9237614894101,719.742632527301,1.09529909155014,2033622.33333333,0.54,"Lesotho",1,7,15
"112",2992974028.59084,11.9267014025314,39.0124087904678,2796.62015729634,72.250162571767,28.1873189300261,1207.85151593381,0.222095439897336,4075906.33333333,0.78,"Liberia",1,6,3
"113",131290341878.612,19.6042048240568,13.8726508378977,79994.0142920734,1.85027802745367,99.0204623710553,2722.35571018666,8.13137254177447,6279250.66666667,0.32,"Libya",1,0,0
"114",458554220580.24,21.5286937887093,14.3318000484139,171369.471577515,34.2200210177695,61.7075404363636,882.612697733687,1.3722494834253,36534.6666666667,44.29,"Liechtenstein",1,8.67715458224906,2
"115",67834656697.9507,24.7999998728434,8.60000006357829,28517.7950066199,23.0214014522483,73.6888851997686,2385.74656145338,4.51047576191191,3037723.33333333,16.3,"Lithuania",1,7,3
"116",46680655748.273,12.6333332061768,1.10000002384186,12858.4513978424,3.84138971087605,87.3950805951577,8035.91770840633,20.9407749737788,518748.666666667,34.61,"Luxembourg",2,7,20
"119",29893782508.9189,10.3061821288315,54.5271795543686,117583.285141308,79.9650952171317,23.6867701671489,495.021962460185,0.106403381095096,21684039.6666667,1.98,"Madagascar",2,6,6
"120",16277300957.6406,16.6779640413286,35.9052543058211,21524.4769779015,69.5796905229796,33.5780754783272,696.034269081065,0.0768846058748553,15232357.6666667,16.81,"Malawi",1,6,22
"121",625714775693.698,28.2999998728434,12.4666668574015,271531.106501358,6.46133365110885,94.7379121465215,2696.71855985993,7.6730828723285,28571470,8.04,"Malaysia",2,5,5
"122",4117741706.50809,20.3986436215419,16.4066177271669,706.028135353498,13.4734134627553,82.2625146445805,910.278827501455,2.5924057793001,376333.333333333,0.07,"Maldives",2,5.03429615853359,26
"123",29525449481.2033,16.9327499682672,38.078772879339,77133.3319078057,70.4738413871465,24.092098226088,747.98449667444,0.0640293683035986,15639578,8.38,"Mali",2,5,6
"124",11718448557.9823,24.2000001271566,1.13333332538605,2000.11469370027,1.44151158066506,99.0495370954777,2010.25031805581,6.16763985809228,416743.666666667,0.47,"Malta",2,5.22377005353653,14
"125",185804411.952661,15.4698704297127,22.0941292690466,7.8784185339,42.0082080298941,55.5489522230666,1416.02607573058,1.95410213230733,52544,0.19,"Marshall Islands",2,5.95186579166908,41
"126",12590390678.4171,18.0544300593185,20.5797197682141,13149.3433697852,35.7530247510677,62.4803242770398,683.174033336674,0.65862228660195,3683896,1.38,"Mauritania",1,2,4
"127",20227732211.3207,27.9000002543132,8.1909936950189,3437.75918253507,4.70456781536678,82.4164177604296,1058.24754607396,3.16770875295291,1252895.33333333,0.01,"Mauritius",2,7,46
"128",1897084915416.95,24.2999998728434,13.2999998728434,653220.559812304,9.64443675928821,89.4930868950458,1518.95939486169,3.85677512375076,120351258.666667,6.02,"Mexico",2,6,28
"130",14544297728.5017,18.9000002543132,27.1666666666667,11374.2748866101,4.40423160835299,90.6947941519631,971.856983078079,1.39449510620064,3560516.66666667,3.82,"Moldova",1,7,5
"131",-171964441499.085,19.7776175445414,16.5359242062848,-33410.4328988399,32.9768013518842,63.1812471335765,1955.94926826965,4.87107466429735,37146,99.72,"Monaco",2,13.1733457636952,12
"132",24328353880.1083,17.2333335876465,33.8333333333333,25411.1936489524,3.52907336168478,95.4784876419921,1565.7089088782,10.2473475450634,2760023.33333333,17.21,"Mongolia",2,7,21
"133",8642844143.5438,18.7666664123535,5.83333317438762,187784.549996251,47.969668193743,61.6004424363303,1808.5384967986,4.02570338866915,620036,2.69,"Montenegro",1,7,16
"134",221566855740.055,21.7666664123535,39.7333335876465,78301.8312830994,12.1709607776115,88.7828521958142,553.07032061803,1.80588968294248,32541297.6666667,20.14,"Morocco",2,4,2
"135",23855674209.0158,12.13934289069,46.7705161924404,380068.360234163,89.0928735730265,8.49369096660966,407.750907272462,0.120863332380132,25023768.6666667,10.9,"Mozambique",1,5,14
"136",706343306644.657,14.5418527207096,42.2592545276077,460234.398404615,82.7311429649789,23.0906813493051,280.287642387931,0.25412140671063,52134088.3333333,4.07,"Myanmar",1,0,20
"137",19336961168.9739,14.3000001907349,29.4666665395101,37850.8316101948,33.0472517518001,65.8979155377845,715.746065231904,1.38171045441808,2241816.33333333,23.23,"Namibia",2,5,14
"138",-174106604485.56,19.0516930594922,27.975892892145,4.50391974017569,37.8407498221743,62.0608843183502,2022.91032222181,4.13597977590923,10049,0,"Nauru",2,3.98865673993615,69
"139",55776271624.9562,13.8205429331253,44.8671590623659,35554.1261727651,86.3194108277359,13.5848548146564,378.678735942988,0.201431688264045,27185220.6666667,22.93,"Nepal",2,6,24
"140",767410881129.343,15.7000001271566,2.46666669845581,202811.92112513,4.19321128626898,92.5533361237241,4782.86929449742,10.4564560477288,16687810,18.06,"Netherlands",1,7,5
"142",143562679052.876,20.4666665395101,6.83333349227905,76707.9199840588,31.4404224533646,61.1062516927786,4259.22369306252,7.43936006509191,4380933.33333333,29.82,"New Zealand",2,7,17
"143",24506241525.7184,18.1529014229852,30.6386121356736,16062.0114830588,52.1679789085392,46.2792378526791,534.119950820078,0.808832665372897,5807514.33333333,21.96,"Nicaragua",0,7,15
"145",855532554977.787,14.6861737539604,51.4026013721363,296673.936756312,86.4779704177512,18.6500914744874,774.729333938871,0.585385856008548,163811938,11.82,"Nigeria",1,6,3
"147",312593641705.202,20.1666660308838,2.23333334922791,64475.9813489607,56.9906660417694,59.3551987671946,6167.17676896249,10.4535673251626,4953637.66666667,9.08,"Norway",2,7,11
"148",140078091550.188,28.5045133008764,8.6733504855134,60649.7072323447,-1.89184224091522,98.7683885327251,6876.56661282611,17.1080868582167,3232980.66666667,3.99,"Oman",1,2,1
"149",752775315772.397,20.3511441931713,43.9365447685697,362246.100082121,45.476642136392,60.9996549426082,489.572756740827,0.933733873920134,173701939.333333,8.6,"Pakistan",2,6,11
"150",265381625.719916,27.2955817322015,5.27913802737412,1.37514060552,3.86191690371676,87.8575842839674,3897.64347269274,10.7338942376622,20610.6666666667,0.24,"Palau",2,5.80100110915673,47
"151",62530716488.1739,18.5000006357829,17.0333334604899,15845.9961875234,23.0559882339773,78.408666192974,1078.59138851894,2.6558342580118,3682082,5.18,"Panama",2,6,5
"152",16333207842.8431,16.3668241652832,30.5379484676732,10881.0476703639,46.502166805967,52.4949618841596,666.452868255278,0.708026489797287,7001186.33333333,0.66,"Papua New Guinea",2,6,22
"153",46382370007.2325,17.6666666666667,26.7999998728434,50438.8578692145,63.346105184824,33.3447782746227,777.420557415516,0.827498194143311,6294267.33333333,6.5,"Paraguay",2,7,11
"154",308770080535.137,23.7999998728434,22.0468140470258,73236.9845556744,29.5094791354197,76.1703333655741,687.473788359124,1.81210275753479,29764101,19.37,"Peru",2,7,13
"155",549486230118.433,15.0666666030884,32.8000005086263,163678.59673998,29.2084010228012,59.6564262236752,436.514079284364,0.923150637515769,94519152.3333333,2.44,"Philippines",1,6,9
"156",848019059781.496,30.7666670481364,12.3999999364217,421294.742949816,10.3863935613986,91.8493687228403,2620.43573245482,8.17405116069631,38056404.3333333,29.31,"Poland",2,7,13
"157",282286240919.208,27.8333333333333,6.80000003178914,72061.1913197911,26.849579837264,75.299912628645,2148.81644873327,4.48138889321399,10548501.3333333,1.89,"Portugal",2,7,6
"159",249659534277.212,48.9234806455885,-15.0782900917574,100812.659308822,-50.0469936253822,134.302221060243,16993.6497995857,43.3474637336044,1895524.66666667,1.24,"Qatar",1,1,6
"160",354613145832.313,29.7000001271566,26.7666670481364,121962.446219015,22.2957582405082,76.3833302066661,1749.63881228496,4.06764444409755,20150811.3333333,22.09,"Romania",1,7,5
"161",3435131742074.19,27.6666666666667,7.63333336512248,2728137.47595936,3.2718222580952,90.7828887615902,5019.91083764885,12.3038997358222,143003997.666667,8.75,"Russian Federation",1,5.70167894179695,1
"162",14823848057.3122,11.733557750042,64.2299219128958,6619.22350362389,86.0027234629641,14.1202743262914,-17.0279878920426,0.0627886866111441,10555816,9.43,"Rwanda",2,3,2
"163",1045647682.86076,14.4090347604213,25.0987817297959,348.648944812556,19.9940675886063,77.7620196963322,203.049729252401,1.23180954170301,187454.666666667,0.23,"Samoa",2,6.09529560433593,58
"164",122792204175.051,24.3595613786824,12.3478492509633,-11182.9469238555,18.240827414129,73.4229593740973,2542.60200673216,5.85275318001441,30933.3333333333,0,"San Marino",1,5.58657874804972,12
"165",495948308.220052,19.7252666709012,30.6419856513896,190.558297877722,34.7746412516896,66.3034082392397,64.5902878704168,0.601406295094903,174670,0,"Sao Tome and Principe",2,6.22154371753707,18
"166",1349972867887.61,24.2830720231151,3.92123972026472,519838.99945722,0.00865171093905379,99.9965371892757,6527.63844235967,18.3711704752828,28791710.6666667,28.24,"Saudi Arabia",2,1,0
"167",29095747318.961,17.9918285978361,40.1606854422086,53800.9962731239,50.7012001019824,46.4505235707734,297.169739929685,0.599496535445728,13364634,14.48,"Senegal",2,5,4
"169",1967765157.42481,21.0198997189388,8.08082738173176,882.73032323046,8.75567378497741,88.3688362446777,2831.94568130147,7.49618711834747,88504.6666666667,0.05,"Seychelles",2,5.06932989876732,20
"170",8615190293.56019,16.673437104527,39.4379891539139,11729.8478974976,65.7826898860724,34.7794423117762,110.980333842122,0.149420540508718,5909322.33333333,3.77,"Sierra Leone",2,6,3
"171",385496394616.69,23.0666669209798,5.8262287914781,54351.9447126463,0.494730055724961,97.6673990064524,4993.91775690212,8.77766511601236,5190952.33333333,3.39,"Singapore",2,3,5
"174",57877462933.8381,32.1666653951009,6.96666669845581,21493.9619022264,18.3642359645935,66.0479040674857,3497.78666601322,7.39541739179379,2052861.66666667,53.95,"Slovenia",1,7,9
"175",1038568707.01727,15.9864965104699,36.1552363869535,4535.95730163994,63.5646281231113,33.8450370521419,1459.67595727566,0.366083531314916,537662.333333333,0.16,"Solomon Islands",2,7,29
"176",-27938972262.7642,10.9726878008857,39.0681918496105,21689.4647873717,76.8856688602277,26.9774525189284,153.909779044883,0.0620703602640921,9807338,0.26,"Somalia",2,6,3
"177",631752991691.55,24.1333332061767,4.80000003178914,452879.364676414,16.9750540417931,87.2911615212164,2746.92057652364,9.18981122299667,51559388.3333333,10.24,"South Africa",2,7,7
"179",1512383397049.07,21.9000002543132,4.13333320617676,352244.233664091,14.9661447578361,75.8363694538899,2705.31010314535,5.75512454243803,46697549.6666667,10.18,"Spain",1,7,9
"180",187629480157.054,24.8000005086263,32.2333335876465,29801.9652739355,60.7872665093263,46.4133076872654,517.060994803653,0.742134179844621,20270666.6666667,2.64,"Sri Lanka",2,6,5
"185",146587766137.68,16.8251159868621,37.038732090972,489781.071161636,63.1333048158633,31.1419719994402,363.134881559133,0.325490334428469,36915166,1.68,"Sudan",1,2,25
"186",7863281907.33883,20.9321856939943,15.6643016229861,2596.14425572493,24.517475084183,72.3150330388587,1913.32795329402,4.65340871900375,523371.666666667,8.58,"Suriname",1,5,13
"187",9292068755.56392,18.4456053083007,27.307605770343,3428.79943195667,41.5490903096862,58.4114273560587,223.960517752226,0.904751494509957,1212433.33333333,4.02,"Swaziland",2,2,10
"188",409050504069.384,19.9333330790202,1.79999995231628,68660.9424428831,47.4783725941843,33.2121980759825,5324.0182189656,5.3215353335992,9448904.33333333,13.03,"Sweden",2,7,14
"189",430694541295.29,21.0666662851969,3.06666660308838,54776.3823688077,21.7315205237922,50.9446319237003,3250.90671716023,4.7916382002953,7911389.33333333,9.93,"Switzerland",1,7,5
"190",71313929793.6916,28.0752536641005,12.6188249459082,75107.0030493779,1.88184148797975,98.6177883329474,923.10203164618,2.64745652302282,20400175,0.67,"Syrian Arab Republic",0,5.63873214911723,3
"191",17322097686.2449,17.1533359679339,33.576773559502,15125.866879957,60.1084600039408,36.4148111119262,284.739704017581,0.34131933520559,7755516.66666667,21.92,"Tajikistan",1,3,17
"192",100248938455.787,13.8984980133487,52.0494282080523,234754.102449836,89.2789568496228,11.8722998059401,455.051061622629,0.17454803550629,47139077.3333333,26.05,"Tanzania",1,4,4
"193",933012152644.962,20.2999998728434,39.5999997456869,430983.939970076,22.6976510151222,80.1163608023566,1801.71049957242,4.40379089042366,66919704,12.49,"Thailand",1,3,10
"194",2184933977.45786,14.5489762155807,39.4534487723267,949.90462879372,47.808387478952,54.4076530022344,207.878775587585,0.231562863227886,1111919.66666667,2.09,"Timor-Leste",1,4.62022491575268,3
"195",8245636063.09005,16.5378372962763,37.9073256988685,22756.871263327,69.2267349515292,19.7209669847535,475.864298898051,0.365394698067906,6567537,19.75,"Togo",1,3,8
"196",522652722.591098,25.1918348606427,13.2193991970964,155.195281063957,17.7441600801897,75.6676628340394,620.938632425008,1.27582823378086,104369.333333333,1.52,"Tonga",2,7.91723397590779,26
"197",39910029234.8915,28.8782759532869,-12.4429193285901,59717.9570553641,0.34025618494035,99.9289862729664,14749.1742866548,35.0102482523991,1334821.33333333,2.63,"Trinidad and Tobago",1,7,21
"198",111143202223.388,33.0333340962728,16.5666669209798,38704.0391874196,13.5545301586307,88.0076966291872,948.249177181943,2.52198370498403,10666133.3333333,3.68,"Tunisia",1,6,11
"199",1282448132783.72,26.8333333333333,22.4666665395101,434386.804585694,13.3267671166319,89.4140041377729,1514.67148866883,4.29610585118833,73558868.3333333,0.2,"Turkey",1,4,3
"200",57682508013.0202,22.3876954403239,18.3402917615917,89402.1537180601,20.8550630177908,73.2109670402267,4761.46799358575,12.0611979298404,5107202.66666667,3.15,"Turkmenistan",2,1,13
"202",33466126.2385928,18.4532194771651,23.9302211737434,5.17519213949766,42.8806135923347,54.635793558933,1709.81584981641,4.16105243670674,9843.66666666667,0.01,"Tuvalu",2,7.01204769274267,65
"203",55649222523.0615,14.4704656544965,35.2843440371146,80316.7544816279,75.1183463548451,21.5824863076285,1249.3586215568,0.119375832407198,34270126.3333333,16,"Uganda",2,3,0
"204",372547301716.479,25.1880350657611,15.0477618426915,402686.559105651,2.81571518431366,79.7534647881157,2780.8165531908,6.46521195986713,45723366.6666667,3.93,"Ukraine",2,5,3
"205",506327871890.726,25.4173943178795,3.30173032212717,199119.466383249,0.138253085157068,99.9029473074066,7442.77521539365,18.9429395843584,8672239,16.09,"United Arab Emirates",2,5.95888879082864,10
"206",2308827202198.46,19.1333338419597,1.06666668256124,587809.391055392,3.89644404630828,86.4326584399287,3073.2477097505,7.42649805133691,63241861,13.77,"United Kingdom",2,7,7
"207",15551435332210.6,24.4859420804855,-15.0049171469587,6542947.81794175,7.86092225349387,83.8446139788794,7001.08448628166,16.9304315151513,311722781,14.82,"United States",2,7,4
"208",60341798712.2841,19.486367475068,15.8847218487977,33765.5989968926,49.1703924688824,54.8360948486131,1293.56103963473,2.24781985557698,3385592.33333333,1.67,"Uruguay",2,7,11
"209",129690690659.825,23.5776874171397,9.80983483435231,176893.787439657,2.41679914711197,97.9720016782563,1584.20658305982,3.80386099771103,29225433.3333333,3.44,"Uzbekistan",0,1,1
"210",706410548.928851,20.7420678798636,26.1756838116804,440.046390211123,41.6747334242936,60.2743124218736,651.324595678268,0.505732723124986,241891,2.31,"Vanuatu",2,5.87388767438109,38
"216",48304722663.3863,12.3178422651764,47.2797431147417,320021.181900899,90.1360427649365,8.97119128195412,604.358491593039,0.211528393893042,14349182,37.85,"Zambia",1,5,15
"217",21714801158.6364,11.9661490453733,54.0250418339632,71546.2907668022,76.3906320185969,30.0322184117233,712.734900034575,0.788923314075984,14264990.3333333,26.61,"Zimbabwe",1,5,5
